,distance,prot1_atm,prot1_atmno,prot1_coord,prot1_res,prot1_resno,prot2_atm,prot2_atmno,prot2_coord,prot2_res,prot2_resno
0,3.190549373626709,O,121.0,[207.6   243.402 219.917],LYS,41.0,O,16449.0,[208.53  241.265 222.096],HIS,519.0
1,3.3756935596466064,O,121.0,[207.6   243.402 219.917],LYS,41.0,CG,16769.0,[207.622 246.429 218.423],GLN,563.0
2,3.4765748977661133,CD,124.0,[204.523 244.183 224.052],LYS,41.0,CB,16455.0,[207.806 243.451 224.931],ALA,520.0
3,3.3591675758361816,O,130.0,[206.605 242.476 215.758],VAL,42.0,NE2,16772.0,[206.41  245.759 216.442],GLN,563.0
4,2.9628005027770996,N,134.0,[208.759 243.038 216.071],PHE,43.0,O,16785.0,[211.265 242.571 217.581],PHE,565.0
5,2.903139352798462,O,137.0,[209.66  241.92  213.511],PHE,43.0,CA,16794.0,[212.095 241.719 215.079],GLY,566.0
6,3.4522671699523926,O,137.0,[209.66  241.92  213.511],PHE,43.0,C,16795.0,[212.509 240.334 214.645],GLY,566.0
7,3.005497455596924,O,137.0,[209.66  241.92  213.511],PHE,43.0,N,16797.0,[211.714 239.741 213.768],ARG,567.0
8,3.471112012863159,CG,139.0,[210.21  245.472 213.495],PHE,43.0,CE1,16735.0,[213.342 246.546 214.537],PHE,559.0
9,3.483062744140625,CD1,140.0,[209.563 246.679 213.296],PHE,43.0,OE1,16771.0,[207.899 247.439 216.26 ],GLN,563.0
10,3.3761138916015625,CE1,142.0,[209.707 247.372 212.113],PHE,43.0,O,16721.0,[209.858 250.582 213.148],LYS,558.0
11,3.3697726726531982,C,892.0,[195.096 235.735 233.542],ASP,198.0,O,16186.0,[194.434 233.336 235.814],PRO,463.0
12,3.1468160152435303,OH,910.0,[201.756 237.953 234.077],TYR,200.0,NH2,15470.0,[200.904 237.994 237.106],ARG,355.0
13,3.349005937576294,OE1,1096.0,[202.25  252.101 219.638],GLU,224.0,CE2,16762.0,[203.738 249.106 219.816],PHE,562.0
14,3.3271353244781494,CA,1152.0,[193.398 238.848 238.607],GLY,232.0,O,16193.0,[194.659 235.778 238.841],PHE,464.0
15,3.009742021560669,O,1154.0,[191.358 238.418 239.811],GLY,232.0,N,16206.0,[191.976 235.813 241.186],ARG,466.0
16,2.9600272178649902,OH,2062.0,[191.382 215.116 241.147],TYR,369.0,OG1,15910.0,[193.107 217.377 240.326],THR,415.0
17,3.4394447803497314,CA,2382.0,[206.695 198.8   235.388],GLY,413.0,CG,19446.0,[209.072 198.171 232.983],PRO,987.0
18,3.4630203247070312,O,4390.0,[221.991 208.226 215.645],GLN,755.0,N,19309.0,[222.394 205.083 217.042],ASN,969.0
19,2.8430185317993164,O,4390.0,[221.991 208.226 215.645],GLN,755.0,N,19317.0,[220.103 206.713 217.138],PHE,970.0
20,3.457789897918701,O,4390.0,[221.991 208.226 215.645],GLN,755.0,CA,19318.0,[218.86  207.443 216.886],PHE,970.0
21,3.11403751373291,O,4399.0,[221.465 208.85  211.166],TYR,756.0,NE2,19288.0,[220.741 206.338 209.474],GLN,965.0
22,3.428175687789917,CA,4409.0,[224.226 208.592 211.4  ],GLY,757.0,OG,19308.0,[223.59  205.549 212.845],SER,968.0
23,2.797686815261841,N,4412.0,[223.917 208.618 209.016],SER,758.0,OE1,19287.0,[222.92  206.004 209.01 ],GLN,965.0
24,3.345653772354126,CB,4416.0,[224.224 208.013 206.674],SER,758.0,OE1,19287.0,[222.92  206.004 209.01 ],GLN,965.0
25,3.4462075233459473,CE1,4426.0,[217.307 207.654 210.282],PHE,759.0,CE2,19326.0,[219.164 206.028 212.687],PHE,970.0
26,3.3137142658233643,CZ,4428.0,[216.63  207.265 209.172],PHE,759.0,O,19540.0,[215.693 204.552 210.828],GLY,999.0
27,3.452765941619873,CZ,4428.0,[216.63  207.265 209.172],PHE,759.0,N,19569.0,[214.761 204.573 208.085],SER,1003.0
28,2.888739824295044,OE1,4449.0,[219.943 207.989 202.55 ],GLN,762.0,NE2,19633.0,[218.455 208.392 200.107],GLN,1010.0
29,3.3967456817626953,NH2,4477.0,[223.873 207.745 200.409],ARG,765.0,OG1,19254.0,[224.41  204.946 202.257],THR,961.0
30,3.3780517578125,O,4628.0,[232.841 222.757 169.134],LYS,786.0,CA,17525.0,[234.439 225.02  171.067],GLY,700.0
31,2.902297019958496,OE1,4637.0,[233.366 223.49  162.874],GLN,787.0,ND2,17549.0,[234.356 225.266 160.803],ASN,703.0
32,2.9011244773864746,N,4639.0,[231.728 226.671 167.219],ILE,788.0,O,17531.0,[234.623 226.79  167.073],ALA,701.0
33,3.0115458965301514,O,4642.0,[231.769 229.07  165.413],ILE,788.0,N,17542.0,[234.488 228.785 164.15 ],ASN,703.0
34,3.2153940200805664,CD2,4654.0,[229.981 226.334 162.274],TYR,789.0,O,17545.0,[232.278 228.562 161.96 ],ASN,703.0
35,3.3656632900238037,O,4662.0,[228.749 232.257 160.474],LYS,790.0,N,17556.0,[230.981 230.265 158.932],VAL,705.0
36,3.202336072921753,O,4702.0,[221.583 234.983 151.332],ASP,796.0,CE2,17577.0,[223.994 233.295 152.594],TYR,707.0
37,3.412261486053467,O,4702.0,[221.583 234.983 151.332],ASP,796.0,CZ,17578.0,[223.18  232.195 152.481],TYR,707.0
38,2.755160331726074,O,4702.0,[221.583 234.983 151.332],ASP,796.0,OH,17579.0,[221.94  232.307 151.882],TYR,707.0
39,3.4166417121887207,CD2,4711.0,[221.107 233.602 154.932],PHE,797.0,OH,17579.0,[221.94  232.307 151.882],TYR,707.0
40,3.403273582458496,ND2,4959.0,[217.079 230.81  207.766],ASN,856.0,CB,16828.0,[214.146 231.673 209.261],ALA,570.0
41,3.4338412284851074,CD2,4993.0,[227.076 226.032 195.323],LEU,861.0,OE1,17138.0,[229.297 225.142 197.786],GLN,613.0
42,2.8198649883270264,O,5004.0,[227.196 228.147 186.195],PRO,863.0,N,17387.0,[229.752 229.159 186.823],ALA,668.0
43,3.41812801361084,O,5004.0,[227.196 228.147 186.195],PRO,863.0,CA,17388.0,[229.664 230.51  186.289],ALA,668.0
44,2.885303497314453,O,5011.0,[229.128 227.778 183.289],LEU,864.0,N,17392.0,[230.894 229.825 184.297],GLY,669.0
45,3.4664642810821533,O,5011.0,[229.128 227.778 183.289],LEU,864.0,CA,17393.0,[231.788 229.997 183.159],GLY,669.0
46,3.3144664764404297,O,5048.0,[226.545 229.486 175.481],MET,869.0,CD1,17522.0,[229.725 228.794 174.853],LEU,699.0
47,3.45957350730896,OE1,5073.0,[231.006 231.772 173.645],GLN,872.0,CD1,17522.0,[229.725 228.794 174.853],LEU,699.0
48,3.4067347049713135,OG1,5150.0,[225.757 228.827 158.116],THR,883.0,CB,17560.0,[229.147 229.015 157.836],VAL,705.0
49,3.401808977127075,OG1,5150.0,[225.757 228.827 158.116],THR,883.0,CG1,17561.0,[228.721 228.315 156.527],VAL,705.0
50,3.3669300079345703,CD1,5168.0,[221.166 217.645 156.378],TRP,886.0,OH,19905.0,[223.482 215.258 155.854],TYR,1047.0
51,3.4515931606292725,NE1,5170.0,[221.106 217.614 155.007],TRP,886.0,OH,19905.0,[223.482 215.258 155.854],TYR,1047.0
52,3.296215534210205,O,5201.0,[227.674 214.191 161.162],ALA,890.0,N,19890.0,[226.189 211.548 162.456],GLY,1046.0
53,3.3814868927001953,O,5201.0,[227.674 214.191 161.162],ALA,890.0,CA,19891.0,[226.299 211.103 161.072],GLY,1046.0
54,3.4143261909484863,CD2,5224.0,[230.172 220.061 153.595],LEU,894.0,CD,20100.0,[233.513 220.713 153.33 ],GLU,1072.0
55,3.1006832122802734,CD2,5224.0,[230.172 220.061 153.595],LEU,894.0,OE1,20101.0,[233.19  220.08  154.306],GLU,1072.0
56,3.295988082885742,O,5228.0,[226.844 224.987 151.168],GLN,895.0,CA,17609.0,[227.48  224.969 147.934],ILE,712.0
57,2.9717798233032227,O,5228.0,[226.844 224.987 151.168],GLN,895.0,N,17616.0,[228.806 223.589 149.428],ALA,713.0
58,3.3959572315216064,CG,5230.0,[229.125 227.105 151.678],GLN,895.0,O,17566.0,[230.418 230.19  152.264],ALA,706.0
59,3.326514959335327,OE1,5232.0,[230.595 225.683 152.845],GLN,895.0,CB,17620.0,[230.415 222.845 151.119],ALA,713.0
60,2.87255597114563,NE2,5233.0,[231.365 226.654 150.951],GLN,895.0,OD1,20118.0,[233.681 225.436 149.766],ASN,1074.0
61,3.157416343688965,O,5237.0,[223.128 227.968 152.114],ILE,896.0,CE1,17576.0,[223.601 230.971 152.967],TYR,707.0
62,3.409827947616577,CD,5248.0,[223.737 227.545 148.617],PRO,897.0,O,17605.0,[227.146 227.617 148.639],SER,711.0
63,2.976802349090576,N,5249.0,[220.422 229.855 151.144],PHE,898.0,OH,17579.0,[221.94  232.307 151.882],TYR,707.0
64,3.4635684490203857,SD,5271.0,[221.494 226.314 145.749],MET,900.0,OG1,20143.0,[223.76  225.269 143.347],THR,1077.0
65,3.162508249282837,CE,5272.0,[221.793 224.561 145.72 ],MET,900.0,OG1,20143.0,[223.76  225.269 143.347],THR,1077.0
66,3.481456995010376,CE,5272.0,[221.793 224.561 145.72 ],MET,900.0,CG2,20258.0,[223.039 221.71  144.158],VAL,1094.0
67,3.2107696533203125,OH,5306.0,[219.945 219.972 146.477],TYR,904.0,O,20251.0,[219.14  218.803 143.597],GLY,1093.0
68,3.4097495079040527,OH,5306.0,[219.945 219.972 146.477],TYR,904.0,CB,20256.0,[222.541 220.288 144.289],VAL,1094.0
69,3.311061143875122,CG2,5366.0,[208.497 219.864 142.275],THR,912.0,CZ,20478.0,[210.897 220.31  140.038],PHE,1121.0
70,2.928173065185547,NE2,5375.0,[213.976 220.505 142.619],GLN,913.0,O,20228.0,[214.713 218.252 140.9  ],PRO,1090.0
71,3.4894378185272217,CG,5381.0,[207.541 223.64  141.02 ],ASN,914.0,OG,20491.0,[206.584 224.232 137.717],SER,1123.0
72,2.7830748558044434,ND2,5383.0,[206.547 224.3   140.499],ASN,914.0,OG,20491.0,[206.584 224.232 137.717],SER,1123.0
73,3.411263942718506,CD1,5405.0,[213.208 226.558 143.462],TYR,917.0,CE2,20223.0,[213.195 225.653 140.173],PHE,1089.0
74,3.3232808113098145,CE2,5408.0,[215.085 227.983 144.895],TYR,917.0,CB,20154.0,[217.549 227.985 142.665],PRO,1079.0
75,3.424602746963501,CZ,5409.0,[215.206 226.619 144.756],TYR,917.0,CB,20154.0,[217.549 227.985 142.665],PRO,1079.0
76,2.950856924057007,ND2,5844.0,[221.105 231.215 218.833],ASN,978.0,O,16649.0,[220.797 233.937 219.93 ],THR,547.0
77,3.482651948928833,O,5861.0,[220.702 226.974 227.238],LEU,981.0,NZ,15700.0,[222.814 226.822 230.003],LYS,386.0
78,3.3633174896240234,O,5869.0,[219.049 229.696 229.377],SER,982.0,CB,15696.0,[219.254 229.085 232.678],LYS,386.0
79,3.4488637447357178,O,5869.0,[219.049 229.696 229.377],SER,982.0,CD,15698.0,[221.16  227.957 231.478],LYS,386.0
80,3.2898550033569336,OG,5871.0,[220.19  231.244 225.48 ],SER,982.0,OG1,16651.0,[221.458 232.767 222.854],THR,547.0
81,2.783280611038208,O,5875.0,[216.719 227.094 231.173],ARG,983.0,N,15672.0,[215.375 226.517 233.541],SER,383.0
82,3.3428308963775635,O,5875.0,[216.719 227.094 231.173],ARG,983.0,CB,15676.0,[217.512 225.37  233.925],SER,383.0
83,3.3561501502990723,O,5875.0,[216.719 227.094 231.173],ARG,983.0,CG,15697.0,[219.844 227.766 232.196],LYS,386.0
84,3.015305519104004,NE,5879.0,[212.303 228.898 228.002],ARG,983.0,O,15664.0,[211.606 227.323 230.477],GLY,381.0
85,3.371670722961426,CZ,5880.0,[211.081 228.723 227.455],ARG,983.0,O,15664.0,[211.606 227.323 230.477],GLY,381.0
86,2.847372531890869,NH2,5882.0,[210.146 228.14  228.173],ARG,983.0,O,15664.0,[211.606 227.323 230.477],GLY,381.0
87,3.4842100143432617,O,5886.0,[219.582 224.312 229.088],LEU,984.0,CE,15699.0,[221.527 226.696 230.723],LYS,386.0
88,2.7398197650909424,OD2,5898.0,[220.573 223.435 234.42 ],ASP,985.0,OG,15677.0,[218.428 225.058 234.941],SER,383.0
89,2.9767324924468994,OD2,5898.0,[220.573 223.435 234.42 ],ASP,985.0,OG1,15690.0,[221.291 225.891 235.941],THR,385.0
90,2.958325147628784,OD2,5959.0,[214.49  212.82  220.178],ASP,994.0,NH1,19512.0,[214.515 209.978 220.999],ARG,995.0
91,3.494253396987915,CD,6046.0,[214.366 212.019 206.856],GLN,1005.0,NE2,19568.0,[213.183 210.364 209.697],GLN,1002.0
92,2.881753921508789,OE1,6047.0,[213.197 211.769 207.181],GLN,1005.0,NE2,19568.0,[213.183 210.364 209.697],GLN,1002.0
93,3.339844226837158,NE2,6048.0,[215.411 211.507 207.487],GLN,1005.0,NE2,19568.0,[213.183 210.364 209.697],GLN,1002.0
94,3.304370641708374,O,6230.0,[218.185 216.834 165.156],SER,1030.0,CB,19853.0,[219.184 214.287 163.303],VAL,1040.0
95,3.4134624004364014,O,6230.0,[218.185 216.834 165.156],SER,1030.0,CG1,19854.0,[220.539 214.96  163.544],VAL,1040.0
96,3.4401345252990723,CB,6231.0,[218.847 215.899 168.197],SER,1030.0,O,19852.0,[219.089 213.092 166.223],VAL,1040.0
97,3.459594488143921,CD,6239.0,[214.175 212.86  166.941],GLU,1031.0,NE,19845.0,[213.592 209.464 167.251],ARG,1039.0
98,2.8434877395629883,OE2,6241.0,[214.549 212.087 167.789],GLU,1031.0,NE,19845.0,[213.592 209.464 167.251],ARG,1039.0
99,3.435084819793701,OE2,6241.0,[214.549 212.087 167.789],GLU,1031.0,CZ,19846.0,[213.254 208.975 168.451],ARG,1039.0
100,3.109170913696289,OE2,6241.0,[214.549 212.087 167.789],GLU,1031.0,NH2,19848.0,[213.352 209.776 169.49 ],ARG,1039.0
101,3.4401235580444336,NH1,6300.0,[210.929 212.011 168.506],ARG,1039.0,NH2,19848.0,[213.352 209.776 169.49 ],ARG,1039.0
